ana_inc_seq_sequential	76102.4	N := 32768 (0x8000)
ana_inc_seq_updown	260879	N := 32768 (0x8000)
ana_inc_seq_tiled	144433	N := 32768 (0x8000)
ana_inc_seq_sequential	138885	N := 65536 (0x10000)
ana_inc_seq_updown	467880	N := 65536 (0x10000)
ana_inc_seq_tiled	288772	N := 65536 (0x10000)
ana_inc_seq_sequential	277891	N := 131072 (0x20000)
ana_inc_seq_updown	936059	N := 131072 (0x20000)
ana_inc_seq_tiled	585123	N := 131072 (0x20000)
ana_inc_seq_sequential	580842	N := 262144 (0x40000)
ana_inc_seq_updown	1.88564e+06	N := 262144 (0x40000)
ana_inc_seq_tiled	1.16356e+06	N := 262144 (0x40000)
ana_inc_seq_sequential	1.11986e+06	N := 524288 (0x80000)
ana_inc_seq_updown	3.75422e+06	N := 524288 (0x80000)
ana_inc_seq_tiled	2.31166e+06	N := 524288 (0x80000)
ana_inc_seq_sequential	2.22741e+06	N := 1048576 (0x100000)
ana_inc_seq_updown	7.59247e+06	N := 1048576 (0x100000)
ana_inc_seq_tiled	4.62198e+06	N := 1048576 (0x100000)
ana_inc_seq_sequential	4.45787e+06	N := 2097152 (0x200000)
ana_inc_seq_updown	1.50056e+07	N := 2097152 (0x200000)
ana_inc_seq_tiled	9.31252e+06	N := 2097152 (0x200000)
ana_inc_seq_sequential	8.92735e+06	N := 4194304 (0x400000)
ana_inc_seq_updown	3.00501e+07	N := 4194304 (0x400000)
ana_inc_seq_tiled	1.86426e+07	N := 4194304 (0x400000)
ana_inc_seq_sequential	1.78478e+07	N := 8388608 (0x800000)
ana_inc_seq_updown	6.01603e+07	N := 8388608 (0x800000)
ana_inc_seq_tiled	3.70458e+07	N := 8388608 (0x800000)
ana_inc_seq_sequential	3.57853e+07	N := 16777216 (0x1000000)
ana_inc_seq_updown	1.20517e+08	N := 16777216 (0x1000000)
ana_inc_seq_tiled	7.47777e+07	N := 16777216 (0x1000000)
ana_inc_seq_sequential	7.14428e+07	N := 33554432 (0x2000000)
ana_inc_seq_updown	2.41492e+08	N := 33554432 (0x2000000)
ana_inc_seq_tiled	1.49013e+08	N := 33554432 (0x2000000)
ana_inc_seq_sequential	1.43953e+08	N := 67108864 (0x4000000)
ana_inc_seq_updown	4.84731e+08	N := 67108864 (0x4000000)
ana_inc_seq_tiled	2.97726e+08	N := 67108864 (0x4000000)
ana_inc_seq_sequential	2.87699e+08	N := 134217728 (0x8000000)
ana_inc_seq_updown	9.7331e+08	N := 134217728 (0x8000000)
ana_inc_seq_tiled	5.96034e+08	N := 134217728 (0x8000000)
ana_inc_seq_sequential	5.73907e+08	N := 268435456 (0x10000000)
ana_inc_seq_updown	1.94602e+09	N := 268435456 (0x10000000)
ana_inc_seq_tiled	1.19161e+09	N := 268435456 (0x10000000)
ana_inc_seq_sequential	1.14782e+09	N := 536870912 (0x20000000)
ana_inc_seq_updown	3.89521e+09	N := 536870912 (0x20000000)
ana_inc_seq_tiled	2.38285e+09	N := 536870912 (0x20000000)
ana_inc_OMP_provided	39215	N := 32768 (0x8000)
ana_inc_OMP_updown	125146	N := 32768 (0x8000)
ana_inc_OMP_tiled	5.25319e+06	N := 32768 (0x8000)
ana_inc_OMP_provided	62825.4	N := 65536 (0x10000)
ana_inc_OMP_updown	196852	N := 65536 (0x10000)
ana_inc_OMP_tiled	118703	N := 65536 (0x10000)
ana_inc_OMP_provided	108609	N := 131072 (0x20000)
ana_inc_OMP_updown	337761	N := 131072 (0x20000)
ana_inc_OMP_tiled	9.42926e+06	N := 131072 (0x20000)
ana_inc_OMP_provided	201190	N := 262144 (0x40000)
ana_inc_OMP_updown	609374	N := 262144 (0x40000)
ana_inc_OMP_tiled	9.03571e+06	N := 262144 (0x40000)
ana_inc_OMP_provided	384215	N := 524288 (0x80000)
ana_inc_OMP_updown	1.15933e+06	N := 524288 (0x80000)
ana_inc_OMP_tiled	1.23176e+07	N := 524288 (0x80000)
ana_inc_OMP_provided	751892	N := 1048576 (0x100000)
ana_inc_OMP_updown	2.24228e+06	N := 1048576 (0x100000)
ana_inc_OMP_tiled	1.35044e+07	N := 1048576 (0x100000)
ana_inc_OMP_provided	1.48417e+06	N := 2097152 (0x200000)
ana_inc_OMP_updown	4.40423e+06	N := 2097152 (0x200000)
ana_inc_OMP_tiled	1.00057e+07	N := 2097152 (0x200000)
ana_inc_OMP_provided	2.96572e+06	N := 4194304 (0x400000)
ana_inc_OMP_updown	8.73396e+06	N := 4194304 (0x400000)
ana_inc_OMP_tiled	6.31865e+06	N := 4194304 (0x400000)
ana_inc_OMP_provided	5.89769e+06	N := 8388608 (0x800000)
ana_inc_OMP_updown	1.73735e+07	N := 8388608 (0x800000)
ana_inc_OMP_tiled	1.25511e+07	N := 8388608 (0x800000)
ana_inc_OMP_provided	1.17891e+07	N := 16777216 (0x1000000)
ana_inc_OMP_updown	4.54756e+07	N := 16777216 (0x1000000)
ana_inc_OMP_tiled	2.49501e+07	N := 16777216 (0x1000000)
ana_inc_OMP_provided	2.35615e+07	N := 33554432 (0x2000000)
ana_inc_OMP_updown	6.90868e+07	N := 33554432 (0x2000000)
ana_inc_OMP_tiled	5.98721e+07	N := 33554432 (0x2000000)
ana_inc_OMP_provided	4.7122e+07	N := 67108864 (0x4000000)
ana_inc_OMP_updown	1.47191e+08	N := 67108864 (0x4000000)
ana_inc_OMP_tiled	1.09148e+08	N := 67108864 (0x4000000)
ana_inc_OMP_provided	1.01153e+08	N := 134217728 (0x8000000)
ana_inc_OMP_updown	2.87744e+08	N := 134217728 (0x8000000)
ana_inc_OMP_tiled	2.03634e+08	N := 134217728 (0x8000000)
ana_inc_OMP_provided	1.99123e+08	N := 268435456 (0x10000000)
ana_inc_OMP_updown	5.75257e+08	N := 268435456 (0x10000000)
ana_inc_OMP_tiled	4.14292e+08	N := 268435456 (0x10000000)
ana_inc_OMP_provided	3.9072e+08	N := 536870912 (0x20000000)
ana_inc_OMP_updown	1.14201e+09	N := 536870912 (0x20000000)
ana_inc_OMP_tiled	8.1828e+08	N := 536870912 (0x20000000)
ana_ex_seq_sequential	63291.8	N := 32768 (0x8000)
ana_ex_seq_updown	236624	N := 32768 (0x8000)
ana_ex_seq_tiled	114952	N := 32768 (0x8000)
ana_ex_seq_sequential	126566	N := 65536 (0x10000)
ana_ex_seq_updown	465559	N := 65536 (0x10000)
ana_ex_seq_tiled	225007	N := 65536 (0x10000)
ana_ex_seq_sequential	256341	N := 131072 (0x20000)
ana_ex_seq_updown	931515	N := 131072 (0x20000)
ana_ex_seq_tiled	450859	N := 131072 (0x20000)
ana_ex_seq_sequential	505825	N := 262144 (0x40000)
ana_ex_seq_updown	1.88104e+06	N := 262144 (0x40000)
ana_ex_seq_tiled	894966	N := 262144 (0x40000)
ana_ex_seq_sequential	1.04396e+06	N := 524288 (0x80000)
ana_ex_seq_updown	3.73478e+06	N := 524288 (0x80000)
ana_ex_seq_tiled	1.79835e+06	N := 524288 (0x80000)
ana_ex_seq_sequential	2.02759e+06	N := 1048576 (0x100000)
ana_ex_seq_updown	7.47375e+06	N := 1048576 (0x100000)
ana_ex_seq_tiled	3.59289e+06	N := 1048576 (0x100000)
ana_ex_seq_sequential	4.05456e+06	N := 2097152 (0x200000)
ana_ex_seq_updown	1.51311e+07	N := 2097152 (0x200000)
ana_ex_seq_tiled	7.13283e+06	N := 2097152 (0x200000)
ana_ex_seq_sequential	8.14473e+06	N := 4194304 (0x400000)
ana_ex_seq_updown	3.05109e+07	N := 4194304 (0x400000)
ana_ex_seq_tiled	1.43622e+07	N := 4194304 (0x400000)
ana_ex_seq_sequential	1.62053e+07	N := 8388608 (0x800000)
ana_ex_seq_updown	5.99268e+07	N := 8388608 (0x800000)
ana_ex_seq_tiled	2.85663e+07	N := 8388608 (0x800000)
ana_ex_seq_sequential	3.24401e+07	N := 16777216 (0x1000000)
ana_ex_seq_updown	1.20357e+08	N := 16777216 (0x1000000)
ana_ex_seq_tiled	5.70102e+07	N := 16777216 (0x1000000)
ana_ex_seq_sequential	6.57501e+07	N := 33554432 (0x2000000)
ana_ex_seq_updown	2.40702e+08	N := 33554432 (0x2000000)
ana_ex_seq_tiled	1.16832e+08	N := 33554432 (0x2000000)
ana_ex_seq_sequential	1.30626e+08	N := 67108864 (0x4000000)
ana_ex_seq_updown	4.82669e+08	N := 67108864 (0x4000000)
ana_ex_seq_tiled	2.29217e+08	N := 67108864 (0x4000000)
ana_ex_seq_sequential	2.60692e+08	N := 134217728 (0x8000000)
ana_ex_seq_updown	9.68675e+08	N := 134217728 (0x8000000)
ana_ex_seq_tiled	4.58284e+08	N := 134217728 (0x8000000)
ana_ex_seq_sequential	5.21676e+08	N := 268435456 (0x10000000)
ana_ex_seq_updown	1.93902e+09	N := 268435456 (0x10000000)
ana_ex_seq_tiled	9.17691e+08	N := 268435456 (0x10000000)
ana_ex_seq_sequential	1.04466e+09	N := 536870912 (0x20000000)
ana_ex_seq_updown	3.87945e+09	N := 536870912 (0x20000000)
ana_ex_seq_tiled	1.83288e+09	N := 536870912 (0x20000000)
ana_ex_OMP_provided	37843.3	N := 32768 (0x8000)
ana_ex_OMP_updown	133293	N := 32768 (0x8000)
ana_ex_OMP_tiled	69827.9	N := 32768 (0x8000)
ana_ex_OMP_provided	61122	N := 65536 (0x10000)
ana_ex_OMP_updown	209370	N := 65536 (0x10000)
ana_ex_OMP_tiled	121333	N := 65536 (0x10000)
ana_ex_OMP_provided	108693	N := 131072 (0x20000)
ana_ex_OMP_updown	355080	N := 131072 (0x20000)
ana_ex_OMP_tiled	227716	N := 131072 (0x20000)
ana_ex_OMP_provided	201209	N := 262144 (0x40000)
ana_ex_OMP_updown	652876	N := 262144 (0x40000)
ana_ex_OMP_tiled	429587	N := 262144 (0x40000)
ana_ex_OMP_provided	385372	N := 524288 (0x80000)
ana_ex_OMP_updown	1.24281e+06	N := 524288 (0x80000)
ana_ex_OMP_tiled	838544	N := 524288 (0x80000)
ana_ex_OMP_provided	749751	N := 1048576 (0x100000)
ana_ex_OMP_updown	2.41979e+06	N := 1048576 (0x100000)
ana_ex_OMP_tiled	1.67504e+06	N := 1048576 (0x100000)
ana_ex_OMP_provided	1.48562e+06	N := 2097152 (0x200000)
ana_ex_OMP_updown	8.49528e+06	N := 2097152 (0x200000)
ana_ex_OMP_tiled	3.31093e+06	N := 2097152 (0x200000)
ana_ex_OMP_provided	2.95209e+06	N := 4194304 (0x400000)
ana_ex_OMP_updown	9.4103e+06	N := 4194304 (0x400000)
ana_ex_OMP_tiled	6.55575e+06	N := 4194304 (0x400000)
ana_ex_OMP_provided	5.89739e+06	N := 8388608 (0x800000)
ana_ex_OMP_updown	1.87213e+07	N := 8388608 (0x800000)
ana_ex_OMP_tiled	1.30892e+07	N := 8388608 (0x800000)
ana_ex_OMP_provided	1.17789e+07	N := 16777216 (0x1000000)
ana_ex_OMP_updown	3.72859e+07	N := 16777216 (0x1000000)
ana_ex_OMP_tiled	2.60537e+07	N := 16777216 (0x1000000)
ana_ex_OMP_provided	2.35535e+07	N := 33554432 (0x2000000)
ana_ex_OMP_updown	7.4571e+07	N := 33554432 (0x2000000)
ana_ex_OMP_tiled	5.18484e+07	N := 33554432 (0x2000000)
ana_ex_OMP_provided	4.99593e+07	N := 67108864 (0x4000000)
ana_ex_OMP_updown	1.49195e+08	N := 67108864 (0x4000000)
ana_ex_OMP_tiled	1.03685e+08	N := 67108864 (0x4000000)
ana_ex_OMP_provided	9.45371e+07	N := 134217728 (0x8000000)
ana_ex_OMP_updown	3.13436e+08	N := 134217728 (0x8000000)
ana_ex_OMP_tiled	2.13491e+08	N := 134217728 (0x8000000)
ana_ex_OMP_provided	1.99894e+08	N := 268435456 (0x10000000)
ana_ex_OMP_updown	6.1037e+08	N := 268435456 (0x10000000)
ana_ex_OMP_tiled	4.25899e+08	N := 268435456 (0x10000000)
ana_ex_OMP_provided	3.94428e+08	N := 536870912 (0x20000000)
ana_ex_OMP_updown	1.21975e+09	N := 536870912 (0x20000000)
ana_ex_OMP_tiled	8.46275e+08	N := 536870912 (0x20000000)
ana_incseg_seq_sequential	23367.2	N := 32768 (0x8000)
ana_incseg_seq_updown	66489.2	N := 32768 (0x8000)
ana_incseg_seq_tiled	75352.6	N := 32768 (0x8000)
ana_incseg_seq_sequential	46268.8	N := 65536 (0x10000)
ana_incseg_seq_updown	135362	N := 65536 (0x10000)
ana_incseg_seq_tiled	148125	N := 65536 (0x10000)
ana_incseg_seq_sequential	92693.7	N := 131072 (0x20000)
ana_incseg_seq_updown	273443	N := 131072 (0x20000)
ana_incseg_seq_tiled	292587	N := 131072 (0x20000)
ana_incseg_seq_sequential	215865	N := 262144 (0x40000)
ana_incseg_seq_updown	581433	N := 262144 (0x40000)
ana_incseg_seq_tiled	591232	N := 262144 (0x40000)
ana_incseg_seq_sequential	370831	N := 524288 (0x80000)
ana_incseg_seq_updown	1.15562e+06	N := 524288 (0x80000)
ana_incseg_seq_tiled	1.17183e+06	N := 524288 (0x80000)
ana_incseg_seq_sequential	749109	N := 1048576 (0x100000)
ana_incseg_seq_updown	2.32277e+06	N := 1048576 (0x100000)
ana_incseg_seq_tiled	2.32622e+06	N := 1048576 (0x100000)
ana_incseg_seq_sequential	1.48658e+06	N := 2097152 (0x200000)
ana_incseg_seq_updown	4.64562e+06	N := 2097152 (0x200000)
ana_incseg_seq_tiled	4.80049e+06	N := 2097152 (0x200000)
ana_incseg_seq_sequential	2.98372e+06	N := 4194304 (0x400000)
ana_incseg_seq_updown	1.00554e+07	N := 4194304 (0x400000)
ana_incseg_seq_tiled	9.99083e+06	N := 4194304 (0x400000)
ana_incseg_seq_sequential	5.96356e+06	N := 8388608 (0x800000)
ana_incseg_seq_updown	2.41169e+07	N := 8388608 (0x800000)
ana_incseg_seq_tiled	1.9422e+07	N := 8388608 (0x800000)
ana_incseg_seq_sequential	1.19052e+07	N := 16777216 (0x1000000)
ana_incseg_seq_updown	4.80973e+07	N := 16777216 (0x1000000)
ana_incseg_seq_tiled	3.87703e+07	N := 16777216 (0x1000000)
ana_incseg_seq_sequential	2.39987e+07	N := 33554432 (0x2000000)
ana_incseg_seq_updown	9.33898e+07	N := 33554432 (0x2000000)
ana_incseg_seq_tiled	7.9033e+07	N := 33554432 (0x2000000)
ana_incseg_seq_sequential	4.80555e+07	N := 67108864 (0x4000000)
ana_incseg_seq_updown	2.08206e+08	N := 67108864 (0x4000000)
ana_incseg_seq_tiled	1.5614e+08	N := 67108864 (0x4000000)
ana_incseg_seq_sequential	9.57358e+07	N := 134217728 (0x8000000)
ana_incseg_seq_updown	4.50092e+08	N := 134217728 (0x8000000)
ana_incseg_seq_tiled	3.1186e+08	N := 134217728 (0x8000000)
ana_incseg_seq_sequential	1.91741e+08	N := 268435456 (0x10000000)
ana_incseg_seq_updown	9.02626e+08	N := 268435456 (0x10000000)
ana_incseg_seq_tiled	6.25803e+08	N := 268435456 (0x10000000)
ana_incseg_seq_sequential	3.82434e+08	N := 536870912 (0x20000000)
ana_incseg_seq_updown	1.81557e+09	N := 536870912 (0x20000000)
ana_incseg_seq_tiled	1.25219e+09	N := 536870912 (0x20000000)
ana_incseg_OMP_updown	82656.2	N := 32768 (0x8000)
ana_incseg_OMP_tiled	46762.6	N := 32768 (0x8000)
ana_incseg_OMP_updown	110591	N := 65536 (0x10000)
ana_incseg_OMP_tiled	82013.9	N := 65536 (0x10000)
ana_incseg_OMP_updown	163096	N := 131072 (0x20000)
ana_incseg_OMP_tiled	137011	N := 131072 (0x20000)
ana_incseg_OMP_updown	261484	N := 262144 (0x40000)
ana_incseg_OMP_tiled	265613	N := 262144 (0x40000)
ana_incseg_OMP_updown	463192	N := 524288 (0x80000)
ana_incseg_OMP_tiled	574432	N := 524288 (0x80000)
ana_incseg_OMP_updown	886176	N := 1048576 (0x100000)
ana_incseg_OMP_tiled	4.51404e+06	N := 1048576 (0x100000)
ana_incseg_OMP_updown	1.69577e+06	N := 2097152 (0x200000)
ana_incseg_OMP_tiled	2.17727e+06	N := 2097152 (0x200000)
ana_incseg_OMP_updown	1.44539e+07	N := 4194304 (0x400000)
ana_incseg_OMP_tiled	5.74233e+06	N := 4194304 (0x400000)
ana_incseg_OMP_updown	8.73238e+06	N := 8388608 (0x800000)
ana_incseg_OMP_tiled	8.14159e+06	N := 8388608 (0x800000)
ana_incseg_OMP_updown	1.7046e+07	N := 16777216 (0x1000000)
ana_incseg_OMP_tiled	1.63625e+07	N := 16777216 (0x1000000)
ana_incseg_OMP_updown	3.39898e+07	N := 33554432 (0x2000000)
ana_incseg_OMP_tiled	3.31032e+07	N := 33554432 (0x2000000)
ana_incseg_OMP_updown	9.66792e+07	N := 67108864 (0x4000000)
ana_incseg_OMP_tiled	6.7828e+07	N := 67108864 (0x4000000)
ana_incseg_OMP_updown	2.69367e+08	N := 134217728 (0x8000000)
ana_incseg_OMP_tiled	1.27943e+08	N := 134217728 (0x8000000)
ana_incseg_OMP_updown	5.45901e+08	N := 268435456 (0x10000000)
ana_incseg_OMP_tiled	2.50204e+08	N := 268435456 (0x10000000)
ana_incseg_OMP_updown	1.09749e+09	N := 536870912 (0x20000000)
ana_incseg_OMP_tiled	4.99033e+08	N := 536870912 (0x20000000)
ana_exseg_seq_sequential	30168.1	N := 32768 (0x8000)
ana_exseg_seq_updown	122410	N := 32768 (0x8000)
ana_exseg_seq_tiled	79016.2	N := 32768 (0x8000)
ana_exseg_seq_sequential	60670.9	N := 65536 (0x10000)
ana_exseg_seq_updown	248434	N := 65536 (0x10000)
ana_exseg_seq_tiled	158979	N := 65536 (0x10000)
ana_exseg_seq_sequential	120923	N := 131072 (0x20000)
ana_exseg_seq_updown	493301	N := 131072 (0x20000)
ana_exseg_seq_tiled	314004	N := 131072 (0x20000)
ana_exseg_seq_sequential	241312	N := 262144 (0x40000)
ana_exseg_seq_updown	1.00226e+06	N := 262144 (0x40000)
ana_exseg_seq_tiled	629560	N := 262144 (0x40000)
ana_exseg_seq_sequential	484776	N := 524288 (0x80000)
ana_exseg_seq_updown	2.12746e+06	N := 524288 (0x80000)
ana_exseg_seq_tiled	1.25932e+06	N := 524288 (0x80000)
ana_exseg_seq_sequential	966524	N := 1048576 (0x100000)
ana_exseg_seq_updown	4.00036e+06	N := 1048576 (0x100000)
ana_exseg_seq_tiled	2.52437e+06	N := 1048576 (0x100000)
ana_exseg_seq_sequential	1.95119e+06	N := 2097152 (0x200000)
ana_exseg_seq_updown	8.01778e+06	N := 2097152 (0x200000)
ana_exseg_seq_tiled	5.04737e+06	N := 2097152 (0x200000)
ana_exseg_seq_sequential	3.94713e+06	N := 4194304 (0x400000)
ana_exseg_seq_updown	1.73557e+07	N := 4194304 (0x400000)
ana_exseg_seq_tiled	1.02251e+07	N := 4194304 (0x400000)
ana_exseg_seq_sequential	7.86321e+06	N := 8388608 (0x800000)
ana_exseg_seq_updown	3.48505e+07	N := 8388608 (0x800000)
ana_exseg_seq_tiled	2.04249e+07	N := 8388608 (0x800000)
ana_exseg_seq_sequential	1.56863e+07	N := 16777216 (0x1000000)
ana_exseg_seq_updown	6.9335e+07	N := 16777216 (0x1000000)
ana_exseg_seq_tiled	4.09081e+07	N := 16777216 (0x1000000)
ana_exseg_seq_sequential	3.20141e+07	N := 33554432 (0x2000000)
ana_exseg_seq_updown	1.39771e+08	N := 33554432 (0x2000000)
ana_exseg_seq_tiled	8.24724e+07	N := 33554432 (0x2000000)
ana_exseg_seq_sequential	6.35778e+07	N := 67108864 (0x4000000)
ana_exseg_seq_updown	2.87979e+08	N := 67108864 (0x4000000)
ana_exseg_seq_tiled	1.64065e+08	N := 67108864 (0x4000000)
ana_exseg_seq_sequential	1.26472e+08	N := 134217728 (0x8000000)
ana_exseg_seq_updown	6.00915e+08	N := 134217728 (0x8000000)
ana_exseg_seq_tiled	3.29671e+08	N := 134217728 (0x8000000)
ana_exseg_seq_sequential	2.52703e+08	N := 268435456 (0x10000000)
ana_exseg_seq_updown	1.20577e+09	N := 268435456 (0x10000000)
ana_exseg_seq_tiled	6.60326e+08	N := 268435456 (0x10000000)
ana_exseg_seq_sequential	5.06295e+08	N := 536870912 (0x20000000)
ana_exseg_seq_updown	2.41525e+09	N := 536870912 (0x20000000)
ana_exseg_seq_tiled	1.32027e+09	N := 536870912 (0x20000000)
ana_exseg_OMP_updown	91121.1	N := 32768 (0x8000)
ana_exseg_OMP_tiled	42417.7	N := 32768 (0x8000)
ana_exseg_OMP_updown	133701	N := 65536 (0x10000)
ana_exseg_OMP_tiled	79605.4	N := 65536 (0x10000)
ana_exseg_OMP_updown	202562	N := 131072 (0x20000)
ana_exseg_OMP_tiled	145817	N := 131072 (0x20000)
ana_exseg_OMP_updown	341992	N := 262144 (0x40000)
ana_exseg_OMP_tiled	273705	N := 262144 (0x40000)
ana_exseg_OMP_updown	628845	N := 524288 (0x80000)
ana_exseg_OMP_tiled	540285	N := 524288 (0x80000)
ana_exseg_OMP_updown	1.19267e+06	N := 1048576 (0x100000)
ana_exseg_OMP_tiled	1.06802e+06	N := 1048576 (0x100000)
ana_exseg_OMP_updown	2.32579e+06	N := 2097152 (0x200000)
ana_exseg_OMP_tiled	2.09637e+06	N := 2097152 (0x200000)
ana_exseg_OMP_updown	4.77983e+06	N := 4194304 (0x400000)
ana_exseg_OMP_tiled	4.19437e+06	N := 4194304 (0x400000)
ana_exseg_OMP_updown	2.1372e+07	N := 8388608 (0x800000)
ana_exseg_OMP_tiled	8.34366e+06	N := 8388608 (0x800000)
ana_exseg_OMP_updown	3.06494e+07	N := 16777216 (0x1000000)
ana_exseg_OMP_tiled	1.67406e+07	N := 16777216 (0x1000000)
ana_exseg_OMP_updown	4.82319e+07	N := 33554432 (0x2000000)
ana_exseg_OMP_tiled	3.52411e+07	N := 33554432 (0x2000000)
ana_exseg_OMP_updown	9.37661e+07	N := 67108864 (0x4000000)
ana_exseg_OMP_tiled	6.90394e+07	N := 67108864 (0x4000000)
ana_exseg_OMP_updown	2.46573e+08	N := 134217728 (0x8000000)
ana_exseg_OMP_tiled	1.347e+08	N := 134217728 (0x8000000)
ana_exseg_OMP_updown	4.9932e+08	N := 268435456 (0x10000000)
ana_exseg_OMP_tiled	2.66883e+08	N := 268435456 (0x10000000)
ana_exseg_OMP_updown	9.77824e+08	N := 536870912 (0x20000000)
ana_exseg_OMP_tiled	5.22074e+08	N := 536870912 (0x20000000)
ana_inc_TBB_provided	91064.6	N := 32768 (0x8000)
ana_inc_TBB_updown	385645	N := 32768 (0x8000)
ana_inc_TBB_tiled	99219.4	N := 32768 (0x8000)
ana_inc_TBB_provided	92290.8	N := 65536 (0x10000)
ana_inc_TBB_updown	542196	N := 65536 (0x10000)
ana_inc_TBB_tiled	158897	N := 65536 (0x10000)
ana_inc_TBB_provided	153990	N := 131072 (0x20000)
ana_inc_TBB_updown	807919	N := 131072 (0x20000)
ana_inc_TBB_tiled	266708	N := 131072 (0x20000)
ana_inc_TBB_provided	384449	N := 262144 (0x40000)
ana_inc_TBB_updown	1.30181e+06	N := 262144 (0x40000)
ana_inc_TBB_tiled	484147	N := 262144 (0x40000)
ana_inc_TBB_provided	581393	N := 524288 (0x80000)
ana_inc_TBB_updown	2.27712e+06	N := 524288 (0x80000)
ana_inc_TBB_tiled	910890	N := 524288 (0x80000)
ana_inc_TBB_provided	1.28952e+06	N := 1048576 (0x100000)
ana_inc_TBB_updown	4.21736e+06	N := 1048576 (0x100000)
ana_inc_TBB_tiled	1.79094e+06	N := 1048576 (0x100000)
ana_inc_TBB_provided	2.33009e+06	N := 2097152 (0x200000)
ana_inc_TBB_updown	8.00675e+06	N := 2097152 (0x200000)
ana_inc_TBB_tiled	3.54236e+06	N := 2097152 (0x200000)
ana_inc_TBB_provided	4.451e+06	N := 4194304 (0x400000)
ana_inc_TBB_updown	1.55941e+07	N := 4194304 (0x400000)
ana_inc_TBB_tiled	6.97199e+06	N := 4194304 (0x400000)
ana_inc_TBB_provided	8.77012e+06	N := 8388608 (0x800000)
ana_inc_TBB_updown	3.07804e+07	N := 8388608 (0x800000)
ana_inc_TBB_tiled	1.38443e+07	N := 8388608 (0x800000)
ana_inc_TBB_provided	1.77133e+07	N := 16777216 (0x1000000)
ana_inc_TBB_updown	6.08201e+07	N := 16777216 (0x1000000)
ana_inc_TBB_tiled	2.73644e+07	N := 16777216 (0x1000000)
ana_inc_TBB_provided	3.37132e+07	N := 33554432 (0x2000000)
ana_inc_TBB_updown	1.21183e+08	N := 33554432 (0x2000000)
ana_inc_TBB_tiled	5.45801e+07	N := 33554432 (0x2000000)
ana_inc_TBB_provided	6.83919e+07	N := 67108864 (0x4000000)
ana_inc_TBB_updown	2.42183e+08	N := 67108864 (0x4000000)
ana_inc_TBB_tiled	1.08891e+08	N := 67108864 (0x4000000)
ana_inc_TBB_provided	1.35992e+08	N := 134217728 (0x8000000)
ana_inc_TBB_updown	4.84695e+08	N := 134217728 (0x8000000)
ana_inc_TBB_tiled	2.17151e+08	N := 134217728 (0x8000000)
ana_inc_TBB_provided	2.70882e+08	N := 268435456 (0x10000000)
ana_inc_TBB_updown	9.68639e+08	N := 268435456 (0x10000000)
ana_inc_TBB_tiled	4.34922e+08	N := 268435456 (0x10000000)
ana_inc_TBB_provided	5.47666e+08	N := 536870912 (0x20000000)
ana_inc_TBB_updown	1.9358e+09	N := 536870912 (0x20000000)
ana_inc_TBB_tiled	8.70498e+08	N := 536870912 (0x20000000)
ana_ex_TBB_provided	64645.5	N := 32768 (0x8000)
ana_ex_TBB_updown	319244	N := 32768 (0x8000)
ana_ex_TBB_tiled	96331.1	N := 32768 (0x8000)
ana_ex_TBB_provided	111174	N := 65536 (0x10000)
ana_ex_TBB_updown	534165	N := 65536 (0x10000)
ana_ex_TBB_tiled	149325	N := 65536 (0x10000)
ana_ex_TBB_provided	206351	N := 131072 (0x20000)
ana_ex_TBB_updown	796272	N := 131072 (0x20000)
ana_ex_TBB_tiled	256092	N := 131072 (0x20000)
ana_ex_TBB_provided	416740	N := 262144 (0x40000)
ana_ex_TBB_updown	1.27567e+06	N := 262144 (0x40000)
ana_ex_TBB_tiled	461138	N := 262144 (0x40000)
ana_ex_TBB_provided	732745	N := 524288 (0x80000)
ana_ex_TBB_updown	2.22045e+06	N := 524288 (0x80000)
ana_ex_TBB_tiled	887455	N := 524288 (0x80000)
ana_ex_TBB_provided	1.47306e+06	N := 1048576 (0x100000)
ana_ex_TBB_updown	4.09759e+06	N := 1048576 (0x100000)
ana_ex_TBB_tiled	1.70142e+06	N := 1048576 (0x100000)
ana_ex_TBB_provided	2.76655e+06	N := 2097152 (0x200000)
ana_ex_TBB_updown	7.79491e+06	N := 2097152 (0x200000)
ana_ex_TBB_tiled	3.38047e+06	N := 2097152 (0x200000)
ana_ex_TBB_provided	5.45932e+06	N := 4194304 (0x400000)
ana_ex_TBB_updown	1.51253e+07	N := 4194304 (0x400000)
ana_ex_TBB_tiled	6.57684e+06	N := 4194304 (0x400000)
ana_ex_TBB_provided	1.09893e+07	N := 8388608 (0x800000)
ana_ex_TBB_updown	2.97586e+07	N := 8388608 (0x800000)
ana_ex_TBB_tiled	1.31667e+07	N := 8388608 (0x800000)
ana_ex_TBB_provided	2.20573e+07	N := 16777216 (0x1000000)
ana_ex_TBB_updown	5.88881e+07	N := 16777216 (0x1000000)
ana_ex_TBB_tiled	2.60144e+07	N := 16777216 (0x1000000)
ana_ex_TBB_provided	4.36779e+07	N := 33554432 (0x2000000)
ana_ex_TBB_updown	1.17276e+08	N := 33554432 (0x2000000)
ana_ex_TBB_tiled	5.16042e+07	N := 33554432 (0x2000000)
ana_ex_TBB_provided	8.63709e+07	N := 67108864 (0x4000000)
ana_ex_TBB_updown	2.34345e+08	N := 67108864 (0x4000000)
ana_ex_TBB_tiled	1.03488e+08	N := 67108864 (0x4000000)
ana_ex_TBB_provided	1.69068e+08	N := 134217728 (0x8000000)
ana_ex_TBB_updown	4.68782e+08	N := 134217728 (0x8000000)
ana_ex_TBB_tiled	2.08036e+08	N := 134217728 (0x8000000)
ana_ex_TBB_provided	3.38923e+08	N := 268435456 (0x10000000)
ana_ex_TBB_updown	9.36542e+08	N := 268435456 (0x10000000)
ana_ex_TBB_tiled	4.13404e+08	N := 268435456 (0x10000000)
ana_ex_TBB_provided	6.58833e+08	N := 536870912 (0x20000000)
ana_ex_TBB_updown	1.87363e+09	N := 536870912 (0x20000000)
ana_ex_TBB_tiled	8.27699e+08	N := 536870912 (0x20000000)
ana_incseg_TBB_provided	42729.1	N := 32768 (0x8000)
ana_incseg_TBB_updown	203656	N := 32768 (0x8000)
ana_incseg_TBB_tiled	65442.9	N := 32768 (0x8000)
ana_incseg_TBB_provided	78780.1	N := 65536 (0x10000)
ana_incseg_TBB_updown	334283	N := 65536 (0x10000)
ana_incseg_TBB_tiled	94062.7	N := 65536 (0x10000)
ana_incseg_TBB_provided	191709	N := 131072 (0x20000)
ana_incseg_TBB_updown	457457	N := 131072 (0x20000)
ana_incseg_TBB_tiled	227798	N := 131072 (0x20000)
ana_incseg_TBB_provided	302362	N := 262144 (0x40000)
ana_incseg_TBB_updown	641060	N := 262144 (0x40000)
ana_incseg_TBB_tiled	338394	N := 262144 (0x40000)
ana_incseg_TBB_provided	498548	N := 524288 (0x80000)
ana_incseg_TBB_updown	992558	N := 524288 (0x80000)
ana_incseg_TBB_tiled	549207	N := 524288 (0x80000)
ana_incseg_TBB_provided	874679	N := 1048576 (0x100000)
ana_incseg_TBB_updown	1.67979e+06	N := 1048576 (0x100000)
ana_incseg_TBB_tiled	961748	N := 1048576 (0x100000)
ana_incseg_TBB_provided	1.60975e+06	N := 2097152 (0x200000)
ana_incseg_TBB_updown	3.01847e+06	N := 2097152 (0x200000)
ana_incseg_TBB_tiled	1.8047e+06	N := 2097152 (0x200000)
ana_incseg_TBB_provided	3.15948e+06	N := 4194304 (0x400000)
ana_incseg_TBB_updown	5.88704e+06	N := 4194304 (0x400000)
ana_incseg_TBB_tiled	3.58188e+06	N := 4194304 (0x400000)
ana_incseg_TBB_provided	6.17862e+06	N := 8388608 (0x800000)
ana_incseg_TBB_updown	1.30399e+07	N := 8388608 (0x800000)
ana_incseg_TBB_tiled	6.92508e+06	N := 8388608 (0x800000)
ana_incseg_TBB_provided	1.18698e+07	N := 16777216 (0x1000000)
ana_incseg_TBB_updown	2.57587e+07	N := 16777216 (0x1000000)
ana_incseg_TBB_tiled	1.37102e+07	N := 16777216 (0x1000000)
ana_incseg_TBB_provided	2.36023e+07	N := 33554432 (0x2000000)
ana_incseg_TBB_updown	5.16484e+07	N := 33554432 (0x2000000)
ana_incseg_TBB_tiled	2.74493e+07	N := 33554432 (0x2000000)
ana_incseg_TBB_provided	4.76673e+07	N := 67108864 (0x4000000)
ana_incseg_TBB_updown	1.28115e+08	N := 67108864 (0x4000000)
ana_incseg_TBB_tiled	5.45496e+07	N := 67108864 (0x4000000)
ana_incseg_TBB_provided	9.34848e+07	N := 134217728 (0x8000000)
ana_incseg_TBB_updown	3.32603e+08	N := 134217728 (0x8000000)
ana_incseg_TBB_tiled	1.09427e+08	N := 134217728 (0x8000000)
ana_incseg_TBB_provided	1.91151e+08	N := 268435456 (0x10000000)
ana_incseg_TBB_updown	7.00275e+08	N := 268435456 (0x10000000)
ana_incseg_TBB_tiled	2.17521e+08	N := 268435456 (0x10000000)
ana_incseg_TBB_provided	3.65582e+08	N := 536870912 (0x20000000)
ana_incseg_TBB_updown	1.41229e+09	N := 536870912 (0x20000000)
ana_incseg_TBB_tiled	4.33411e+08	N := 536870912 (0x20000000)
ana_exseg_TBB_provided	47556	N := 32768 (0x8000)
ana_exseg_TBB_updown	200014	N := 32768 (0x8000)
ana_exseg_TBB_tiled	61916.5	N := 32768 (0x8000)
ana_exseg_TBB_provided	72240.8	N := 65536 (0x10000)
ana_exseg_TBB_updown	258987	N := 65536 (0x10000)
ana_exseg_TBB_tiled	90453	N := 65536 (0x10000)
ana_exseg_TBB_provided	130673	N := 131072 (0x20000)
ana_exseg_TBB_updown	366515	N := 131072 (0x20000)
ana_exseg_TBB_tiled	145701	N := 131072 (0x20000)
ana_exseg_TBB_provided	278129	N := 262144 (0x40000)
ana_exseg_TBB_updown	558219	N := 262144 (0x40000)
ana_exseg_TBB_tiled	248673	N := 262144 (0x40000)
ana_exseg_TBB_provided	477008	N := 524288 (0x80000)
ana_exseg_TBB_updown	916004	N := 524288 (0x80000)
ana_exseg_TBB_tiled	445205	N := 524288 (0x80000)
ana_exseg_TBB_provided	847655	N := 1048576 (0x100000)
ana_exseg_TBB_updown	1.59521e+06	N := 1048576 (0x100000)
ana_exseg_TBB_tiled	850112	N := 1048576 (0x100000)
ana_exseg_TBB_provided	1.57095e+06	N := 2097152 (0x200000)
ana_exseg_TBB_updown	2.9466e+06	N := 2097152 (0x200000)
ana_exseg_TBB_tiled	1.69605e+06	N := 2097152 (0x200000)
ana_exseg_TBB_provided	3.16159e+06	N := 4194304 (0x400000)
ana_exseg_TBB_updown	5.81097e+06	N := 4194304 (0x400000)
ana_exseg_TBB_tiled	3.31678e+06	N := 4194304 (0x400000)
ana_exseg_TBB_provided	6.19379e+06	N := 8388608 (0x800000)
ana_exseg_TBB_updown	1.20781e+07	N := 8388608 (0x800000)
ana_exseg_TBB_tiled	6.68557e+06	N := 8388608 (0x800000)
ana_exseg_TBB_provided	1.20155e+07	N := 16777216 (0x1000000)
ana_exseg_TBB_updown	2.39424e+07	N := 16777216 (0x1000000)
ana_exseg_TBB_tiled	1.31603e+07	N := 16777216 (0x1000000)
ana_exseg_TBB_provided	2.41847e+07	N := 33554432 (0x2000000)
ana_exseg_TBB_updown	4.75191e+07	N := 33554432 (0x2000000)
ana_exseg_TBB_tiled	2.59113e+07	N := 33554432 (0x2000000)
ana_exseg_TBB_provided	4.73952e+07	N := 67108864 (0x4000000)
ana_exseg_TBB_updown	9.85553e+07	N := 67108864 (0x4000000)
ana_exseg_TBB_tiled	5.24893e+07	N := 67108864 (0x4000000)
ana_exseg_TBB_provided	9.53796e+07	N := 134217728 (0x8000000)
ana_exseg_TBB_updown	2.59108e+08	N := 134217728 (0x8000000)
ana_exseg_TBB_tiled	1.04407e+08	N := 134217728 (0x8000000)
ana_exseg_TBB_provided	1.86071e+08	N := 268435456 (0x10000000)
ana_exseg_TBB_updown	5.35951e+08	N := 268435456 (0x10000000)
ana_exseg_TBB_tiled	2.08676e+08	N := 268435456 (0x10000000)
ana_exseg_TBB_provided	3.73557e+08	N := 536870912 (0x20000000)
ana_exseg_TBB_updown	1.07918e+09	N := 536870912 (0x20000000)
ana_exseg_TBB_tiled	4.17014e+08	N := 536870912 (0x20000000)
