ana_inc_seq_sequential	142341	N := 32768 (0x8000)
ana_inc_seq_updown	385254	N := 32768 (0x8000)
ana_inc_seq_tiled	326881	N := 32768 (0x8000)
ana_inc_seq_sequential	283704	N := 65536 (0x10000)
ana_inc_seq_updown	772044	N := 65536 (0x10000)
ana_inc_seq_tiled	656426	N := 65536 (0x10000)
ana_inc_seq_sequential	568754	N := 131072 (0x20000)
ana_inc_seq_updown	1.54027e+06	N := 131072 (0x20000)
ana_inc_seq_tiled	1.31222e+06	N := 131072 (0x20000)
ana_inc_seq_sequential	1.13635e+06	N := 262144 (0x40000)
ana_inc_seq_updown	3.08262e+06	N := 262144 (0x40000)
ana_inc_seq_tiled	2.62631e+06	N := 262144 (0x40000)
ana_inc_seq_sequential	2.27275e+06	N := 524288 (0x80000)
ana_inc_seq_updown	6.15521e+06	N := 524288 (0x80000)
ana_inc_seq_tiled	5.25313e+06	N := 524288 (0x80000)
ana_inc_seq_sequential	4.54324e+06	N := 1048576 (0x100000)
ana_inc_seq_updown	1.23e+07	N := 1048576 (0x100000)
ana_inc_seq_tiled	1.05108e+07	N := 1048576 (0x100000)
ana_inc_seq_sequential	9.10003e+06	N := 2097152 (0x200000)
ana_inc_seq_updown	2.46233e+07	N := 2097152 (0x200000)
ana_inc_seq_tiled	2.10187e+07	N := 2097152 (0x200000)
ana_inc_seq_sequential	1.81833e+07	N := 4194304 (0x400000)
ana_inc_seq_updown	4.92687e+07	N := 4194304 (0x400000)
ana_inc_seq_tiled	4.2056e+07	N := 4194304 (0x400000)
ana_inc_seq_sequential	3.63694e+07	N := 8388608 (0x800000)
ana_inc_seq_updown	9.85169e+07	N := 8388608 (0x800000)
ana_inc_seq_tiled	8.41544e+07	N := 8388608 (0x800000)
ana_inc_seq_sequential	7.27486e+07	N := 16777216 (0x1000000)
ana_inc_seq_updown	1.96978e+08	N := 16777216 (0x1000000)
ana_inc_seq_tiled	1.68266e+08	N := 16777216 (0x1000000)
ana_inc_seq_sequential	1.45494e+08	N := 33554432 (0x2000000)
ana_inc_seq_updown	3.93979e+08	N := 33554432 (0x2000000)
ana_inc_seq_tiled	3.36582e+08	N := 33554432 (0x2000000)
ana_inc_seq_sequential	2.91033e+08	N := 67108864 (0x4000000)
ana_inc_seq_updown	7.88235e+08	N := 67108864 (0x4000000)
ana_inc_seq_tiled	6.73609e+08	N := 67108864 (0x4000000)
ana_inc_seq_sequential	5.82396e+08	N := 134217728 (0x8000000)
ana_inc_seq_updown	1.57991e+09	N := 134217728 (0x8000000)
ana_inc_seq_tiled	1.34801e+09	N := 134217728 (0x8000000)
ana_inc_seq_sequential	1.16623e+09	N := 268435456 (0x10000000)
ana_inc_seq_updown	3.16035e+09	N := 268435456 (0x10000000)
ana_inc_seq_tiled	2.69622e+09	N := 268435456 (0x10000000)
ana_inc_seq_sequential	2.33163e+09	N := 536870912 (0x20000000)
ana_inc_seq_updown	6.31719e+09	N := 536870912 (0x20000000)
ana_inc_seq_tiled	5.38688e+09	N := 536870912 (0x20000000)
ana_inc_OMP_provided	134028	N := 32768 (0x8000)
ana_inc_OMP_updown	1.523e+06	N := 32768 (0x8000)
ana_inc_OMP_tiled	284695	N := 32768 (0x8000)
ana_inc_OMP_provided	648504	N := 65536 (0x10000)
ana_inc_OMP_updown	1.01574e+06	N := 65536 (0x10000)
ana_inc_OMP_tiled	244295	N := 65536 (0x10000)
ana_inc_OMP_provided	169925	N := 131072 (0x20000)
ana_inc_OMP_updown	2.2682e+06	N := 131072 (0x20000)
ana_inc_OMP_tiled	220301	N := 131072 (0x20000)
ana_inc_OMP_provided	142360	N := 262144 (0x40000)
ana_inc_OMP_updown	1.41967e+06	N := 262144 (0x40000)
ana_inc_OMP_tiled	2.10753e+08	N := 262144 (0x40000)
ana_inc_OMP_provided	1.65616e+08	N := 524288 (0x80000)
ana_inc_OMP_updown	1.08376e+08	N := 524288 (0x80000)
ana_inc_OMP_tiled	268964	N := 524288 (0x80000)
ana_inc_OMP_provided	323481	N := 1048576 (0x100000)
ana_inc_OMP_updown	1.44369e+07	N := 1048576 (0x100000)
ana_inc_OMP_tiled	337667	N := 1048576 (0x100000)
ana_inc_OMP_provided	1.69373e+08	N := 2097152 (0x200000)
ana_inc_OMP_updown	1.12399e+08	N := 2097152 (0x200000)
ana_inc_OMP_tiled	1.19275e+08	N := 2097152 (0x200000)
ana_inc_OMP_provided	3.32066e+07	N := 4194304 (0x400000)
ana_inc_OMP_updown	2.20654e+06	N := 4194304 (0x400000)
ana_inc_OMP_tiled	8.77535e+07	N := 4194304 (0x400000)
ana_inc_OMP_provided	4.17822e+06	N := 8388608 (0x800000)
ana_inc_OMP_updown	3.05212e+06	N := 8388608 (0x800000)
ana_inc_OMP_tiled	1.28632e+06	N := 8388608 (0x800000)
ana_inc_OMP_provided	3.64112e+07	N := 16777216 (0x1000000)
ana_inc_OMP_updown	4.87494e+06	N := 16777216 (0x1000000)
ana_inc_OMP_tiled	2.35055e+06	N := 16777216 (0x1000000)
ana_inc_OMP_provided	2.69055e+06	N := 33554432 (0x2000000)
ana_inc_OMP_updown	8.04052e+06	N := 33554432 (0x2000000)
ana_inc_OMP_tiled	4.46046e+06	N := 33554432 (0x2000000)
ana_inc_OMP_provided	1.02619e+07	N := 67108864 (0x4000000)
ana_inc_OMP_updown	1.43392e+07	N := 67108864 (0x4000000)
ana_inc_OMP_tiled	8.7108e+06	N := 67108864 (0x4000000)
ana_inc_OMP_provided	2.7854e+07	N := 134217728 (0x8000000)
ana_inc_OMP_updown	2.68809e+07	N := 134217728 (0x8000000)
ana_inc_OMP_tiled	1.77834e+07	N := 134217728 (0x8000000)
ana_inc_OMP_provided	2.61929e+07	N := 268435456 (0x10000000)
ana_inc_OMP_updown	5.2006e+07	N := 268435456 (0x10000000)
ana_inc_OMP_tiled	5.09601e+07	N := 268435456 (0x10000000)
ana_inc_OMP_provided	4.02977e+07	N := 536870912 (0x20000000)
ana_inc_OMP_updown	1.13506e+08	N := 536870912 (0x20000000)
ana_inc_OMP_tiled	7.18269e+07	N := 536870912 (0x20000000)
ana_ex_seq_sequential	138831	N := 32768 (0x8000)
ana_ex_seq_updown	501297	N := 32768 (0x8000)
ana_ex_seq_tiled	224087	N := 32768 (0x8000)
ana_ex_seq_sequential	274701	N := 65536 (0x10000)
ana_ex_seq_updown	987720	N := 65536 (0x10000)
ana_ex_seq_tiled	444605	N := 65536 (0x10000)
ana_ex_seq_sequential	551643	N := 131072 (0x20000)
ana_ex_seq_updown	1.97211e+06	N := 131072 (0x20000)
ana_ex_seq_tiled	891313	N := 131072 (0x20000)
ana_ex_seq_sequential	1.10163e+06	N := 262144 (0x40000)
ana_ex_seq_updown	3.93515e+06	N := 262144 (0x40000)
ana_ex_seq_tiled	1.78348e+06	N := 262144 (0x40000)
ana_ex_seq_sequential	2.19935e+06	N := 524288 (0x80000)
ana_ex_seq_updown	7.8735e+06	N := 524288 (0x80000)
ana_ex_seq_tiled	3.59511e+06	N := 524288 (0x80000)
ana_ex_seq_sequential	4.40185e+06	N := 1048576 (0x100000)
ana_ex_seq_updown	1.57329e+07	N := 1048576 (0x100000)
ana_ex_seq_tiled	7.13973e+06	N := 1048576 (0x100000)
ana_ex_seq_sequential	8.80418e+06	N := 2097152 (0x200000)
ana_ex_seq_updown	3.14612e+07	N := 2097152 (0x200000)
ana_ex_seq_tiled	1.42685e+07	N := 2097152 (0x200000)
ana_ex_seq_sequential	1.75989e+07	N := 4194304 (0x400000)
ana_ex_seq_updown	6.29054e+07	N := 4194304 (0x400000)
ana_ex_seq_tiled	2.85019e+07	N := 4194304 (0x400000)
ana_ex_seq_sequential	3.51897e+07	N := 8388608 (0x800000)
ana_ex_seq_updown	1.26353e+08	N := 8388608 (0x800000)
ana_ex_seq_tiled	5.70317e+07	N := 8388608 (0x800000)
ana_ex_seq_sequential	7.03826e+07	N := 16777216 (0x1000000)
ana_ex_seq_updown	2.51846e+08	N := 16777216 (0x1000000)
ana_ex_seq_tiled	1.14061e+08	N := 16777216 (0x1000000)
ana_ex_seq_sequential	1.40793e+08	N := 33554432 (0x2000000)
ana_ex_seq_updown	5.03489e+08	N := 33554432 (0x2000000)
ana_ex_seq_tiled	2.28337e+08	N := 33554432 (0x2000000)
ana_ex_seq_sequential	2.81649e+08	N := 67108864 (0x4000000)
ana_ex_seq_updown	1.00748e+09	N := 67108864 (0x4000000)
ana_ex_seq_tiled	4.56657e+08	N := 67108864 (0x4000000)
ana_ex_seq_sequential	5.63545e+08	N := 134217728 (0x8000000)
ana_ex_seq_updown	2.01717e+09	N := 134217728 (0x8000000)
ana_ex_seq_tiled	9.14434e+08	N := 134217728 (0x8000000)
ana_ex_seq_sequential	1.12837e+09	N := 268435456 (0x10000000)
ana_ex_seq_updown	4.04005e+09	N := 268435456 (0x10000000)
ana_ex_seq_tiled	1.82863e+09	N := 268435456 (0x10000000)
ana_ex_seq_sequential	2.25839e+09	N := 536870912 (0x20000000)
ana_ex_seq_updown	8.07948e+09	N := 536870912 (0x20000000)
ana_ex_seq_tiled	3.65823e+09	N := 536870912 (0x20000000)
ana_ex_OMP_provided	128042	N := 32768 (0x8000)
ana_ex_OMP_updown	973818	N := 32768 (0x8000)
ana_ex_OMP_tiled	285073	N := 32768 (0x8000)
ana_ex_OMP_provided	2.54616e+07	N := 65536 (0x10000)
ana_ex_OMP_updown	1.02778e+06	N := 65536 (0x10000)
ana_ex_OMP_tiled	281553	N := 65536 (0x10000)
ana_ex_OMP_provided	174194	N := 131072 (0x20000)
ana_ex_OMP_updown	1.10054e+06	N := 131072 (0x20000)
ana_ex_OMP_tiled	237181	N := 131072 (0x20000)
ana_ex_OMP_provided	168164	N := 262144 (0x40000)
ana_ex_OMP_updown	1.98396e+08	N := 262144 (0x40000)
ana_ex_OMP_tiled	239257	N := 262144 (0x40000)
ana_ex_OMP_provided	164167	N := 524288 (0x80000)
ana_ex_OMP_updown	1.29001e+06	N := 524288 (0x80000)
ana_ex_OMP_tiled	264395	N := 524288 (0x80000)
ana_ex_OMP_provided	2.25969e+07	N := 1048576 (0x100000)
ana_ex_OMP_updown	1.47236e+06	N := 1048576 (0x100000)
ana_ex_OMP_tiled	448143	N := 1048576 (0x100000)
ana_ex_OMP_provided	347494	N := 2097152 (0x200000)
ana_ex_OMP_updown	1.77292e+06	N := 2097152 (0x200000)
ana_ex_OMP_tiled	465799	N := 2097152 (0x200000)
ana_ex_OMP_provided	474610	N := 4194304 (0x400000)
ana_ex_OMP_updown	2.28172e+06	N := 4194304 (0x400000)
ana_ex_OMP_tiled	741937	N := 4194304 (0x400000)
ana_ex_OMP_provided	793181	N := 8388608 (0x800000)
ana_ex_OMP_updown	1.13307e+07	N := 8388608 (0x800000)
ana_ex_OMP_tiled	1.26908e+06	N := 8388608 (0x800000)
ana_ex_OMP_provided	1.67765e+06	N := 16777216 (0x1000000)
ana_ex_OMP_updown	5.08328e+06	N := 16777216 (0x1000000)
ana_ex_OMP_tiled	1.65763e+07	N := 16777216 (0x1000000)
ana_ex_OMP_provided	2.71649e+06	N := 33554432 (0x2000000)
ana_ex_OMP_updown	8.76883e+06	N := 33554432 (0x2000000)
ana_ex_OMP_tiled	4.24962e+06	N := 33554432 (0x2000000)
ana_ex_OMP_provided	5.27405e+06	N := 67108864 (0x4000000)
ana_ex_OMP_updown	1.55652e+07	N := 67108864 (0x4000000)
ana_ex_OMP_tiled	8.36031e+06	N := 67108864 (0x4000000)
ana_ex_OMP_provided	1.036e+07	N := 134217728 (0x8000000)
ana_ex_OMP_updown	2.93088e+07	N := 134217728 (0x8000000)
ana_ex_OMP_tiled	1.71691e+07	N := 134217728 (0x8000000)
ana_ex_OMP_provided	2.04322e+07	N := 268435456 (0x10000000)
ana_ex_OMP_updown	7.39858e+07	N := 268435456 (0x10000000)
ana_ex_OMP_tiled	3.45097e+07	N := 268435456 (0x10000000)
ana_ex_OMP_provided	4.39203e+07	N := 536870912 (0x20000000)
ana_ex_OMP_updown	1.12493e+08	N := 536870912 (0x20000000)
ana_ex_OMP_tiled	1.5526e+08	N := 536870912 (0x20000000)
ana_incseg_seq_sequential	41338	N := 32768 (0x8000)
ana_incseg_seq_updown	118182	N := 32768 (0x8000)
ana_incseg_seq_tiled	128128	N := 32768 (0x8000)
ana_incseg_seq_sequential	99898	N := 65536 (0x10000)
ana_incseg_seq_updown	240465	N := 65536 (0x10000)
ana_incseg_seq_tiled	257622	N := 65536 (0x10000)
ana_incseg_seq_sequential	204051	N := 131072 (0x20000)
ana_incseg_seq_updown	482438	N := 131072 (0x20000)
ana_incseg_seq_tiled	511426	N := 131072 (0x20000)
ana_incseg_seq_sequential	329336	N := 262144 (0x40000)
ana_incseg_seq_updown	973570	N := 262144 (0x40000)
ana_incseg_seq_tiled	1.02262e+06	N := 262144 (0x40000)
ana_incseg_seq_sequential	816947	N := 524288 (0x80000)
ana_incseg_seq_updown	1.98313e+06	N := 524288 (0x80000)
ana_incseg_seq_tiled	2.04656e+06	N := 524288 (0x80000)
ana_incseg_seq_sequential	1.32549e+06	N := 1048576 (0x100000)
ana_incseg_seq_updown	3.97034e+06	N := 1048576 (0x100000)
ana_incseg_seq_tiled	4.10439e+06	N := 1048576 (0x100000)
ana_incseg_seq_sequential	2.65177e+06	N := 2097152 (0x200000)
ana_incseg_seq_updown	7.95503e+06	N := 2097152 (0x200000)
ana_incseg_seq_tiled	8.23932e+06	N := 2097152 (0x200000)
ana_incseg_seq_sequential	5.32831e+06	N := 4194304 (0x400000)
ana_incseg_seq_updown	1.59248e+07	N := 4194304 (0x400000)
ana_incseg_seq_tiled	1.65354e+07	N := 4194304 (0x400000)
ana_incseg_seq_sequential	1.06256e+07	N := 8388608 (0x800000)
ana_incseg_seq_updown	3.3228e+07	N := 8388608 (0x800000)
ana_incseg_seq_tiled	3.30067e+07	N := 8388608 (0x800000)
ana_incseg_seq_sequential	2.12946e+07	N := 16777216 (0x1000000)
ana_incseg_seq_updown	7.54325e+07	N := 16777216 (0x1000000)
ana_incseg_seq_tiled	6.58343e+07	N := 16777216 (0x1000000)
ana_incseg_seq_sequential	4.23265e+07	N := 33554432 (0x2000000)
ana_incseg_seq_updown	1.50413e+08	N := 33554432 (0x2000000)
ana_incseg_seq_tiled	1.31852e+08	N := 33554432 (0x2000000)
ana_incseg_seq_sequential	8.97588e+07	N := 67108864 (0x4000000)
ana_incseg_seq_updown	3.00636e+08	N := 67108864 (0x4000000)
ana_incseg_seq_tiled	2.65304e+08	N := 67108864 (0x4000000)
ana_incseg_seq_sequential	1.6965e+08	N := 134217728 (0x8000000)
ana_incseg_seq_updown	6.01837e+08	N := 134217728 (0x8000000)
ana_incseg_seq_tiled	5.32577e+08	N := 134217728 (0x8000000)
ana_incseg_seq_sequential	4.15535e+08	N := 268435456 (0x10000000)
ana_incseg_seq_updown	1.20025e+09	N := 268435456 (0x10000000)
ana_incseg_seq_tiled	1.0649e+09	N := 268435456 (0x10000000)
ana_incseg_seq_sequential	9.28327e+08	N := 536870912 (0x20000000)
ana_incseg_seq_updown	2.39901e+09	N := 536870912 (0x20000000)
ana_incseg_seq_tiled	2.14225e+09	N := 536870912 (0x20000000)
ana_incseg_OMP_updown	978229	N := 32768 (0x8000)
ana_incseg_OMP_tiled	120279	N := 32768 (0x8000)
ana_incseg_OMP_updown	1.07434e+06	N := 65536 (0x10000)
ana_incseg_OMP_tiled	202449	N := 65536 (0x10000)
ana_incseg_OMP_updown	1.15232e+06	N := 131072 (0x20000)
ana_incseg_OMP_tiled	268598	N := 131072 (0x20000)
ana_incseg_OMP_updown	1.21678e+07	N := 262144 (0x40000)
ana_incseg_OMP_tiled	434662	N := 262144 (0x40000)
ana_incseg_OMP_updown	1.34173e+06	N := 524288 (0x80000)
ana_incseg_OMP_tiled	808828	N := 524288 (0x80000)
ana_incseg_OMP_updown	1.44138e+06	N := 1048576 (0x100000)
ana_incseg_OMP_tiled	1.44663e+06	N := 1048576 (0x100000)
ana_incseg_OMP_updown	1.66346e+06	N := 2097152 (0x200000)
ana_incseg_OMP_tiled	2.78024e+07	N := 2097152 (0x200000)
ana_incseg_OMP_updown	1.8993e+06	N := 4194304 (0x400000)
ana_incseg_OMP_tiled	3.73896e+06	N := 4194304 (0x400000)
ana_incseg_OMP_updown	2.35239e+06	N := 8388608 (0x800000)
ana_incseg_OMP_tiled	6.93359e+06	N := 8388608 (0x800000)
ana_incseg_OMP_updown	3.27365e+06	N := 16777216 (0x1000000)
ana_incseg_OMP_tiled	1.25423e+07	N := 16777216 (0x1000000)
ana_incseg_OMP_updown	4.60268e+06	N := 33554432 (0x2000000)
ana_incseg_OMP_tiled	3.45652e+07	N := 33554432 (0x2000000)
ana_incseg_OMP_updown	1.08233e+08	N := 67108864 (0x4000000)
ana_incseg_OMP_tiled	5.84946e+07	N := 67108864 (0x4000000)
ana_incseg_OMP_updown	2.12795e+08	N := 134217728 (0x8000000)
ana_incseg_OMP_tiled	8.0733e+07	N := 134217728 (0x8000000)
ana_incseg_OMP_updown	4.17699e+08	N := 268435456 (0x10000000)
ana_incseg_OMP_tiled	1.43454e+08	N := 268435456 (0x10000000)
ana_incseg_OMP_updown	7.66932e+08	N := 536870912 (0x20000000)
ana_incseg_OMP_tiled	2.54554e+08	N := 536870912 (0x20000000)
ana_exseg_seq_sequential	41191.1	N := 32768 (0x8000)
ana_exseg_seq_updown	216155	N := 32768 (0x8000)
ana_exseg_seq_tiled	144905	N := 32768 (0x8000)
ana_exseg_seq_sequential	82446	N := 65536 (0x10000)
ana_exseg_seq_updown	431952	N := 65536 (0x10000)
ana_exseg_seq_tiled	313077	N := 65536 (0x10000)
ana_exseg_seq_sequential	164375	N := 131072 (0x20000)
ana_exseg_seq_updown	864543	N := 131072 (0x20000)
ana_exseg_seq_tiled	596913	N := 131072 (0x20000)
ana_exseg_seq_sequential	329602	N := 262144 (0x40000)
ana_exseg_seq_updown	1.73003e+06	N := 262144 (0x40000)
ana_exseg_seq_tiled	1.25128e+06	N := 262144 (0x40000)
ana_exseg_seq_sequential	657762	N := 524288 (0x80000)
ana_exseg_seq_updown	3.44299e+06	N := 524288 (0x80000)
ana_exseg_seq_tiled	2.50793e+06	N := 524288 (0x80000)
ana_exseg_seq_sequential	1.31721e+06	N := 1048576 (0x100000)
ana_exseg_seq_updown	6.8997e+06	N := 1048576 (0x100000)
ana_exseg_seq_tiled	4.97496e+06	N := 1048576 (0x100000)
ana_exseg_seq_sequential	2.63228e+06	N := 2097152 (0x200000)
ana_exseg_seq_updown	1.37835e+07	N := 2097152 (0x200000)
ana_exseg_seq_tiled	1.0046e+07	N := 2097152 (0x200000)
ana_exseg_seq_sequential	5.27324e+06	N := 4194304 (0x400000)
ana_exseg_seq_updown	2.77564e+07	N := 4194304 (0x400000)
ana_exseg_seq_tiled	1.66893e+07	N := 4194304 (0x400000)
ana_exseg_seq_sequential	1.05429e+07	N := 8388608 (0x800000)
ana_exseg_seq_updown	5.74028e+07	N := 8388608 (0x800000)
ana_exseg_seq_tiled	3.28938e+07	N := 8388608 (0x800000)
ana_exseg_seq_sequential	2.10868e+07	N := 16777216 (0x1000000)
ana_exseg_seq_updown	1.17783e+08	N := 16777216 (0x1000000)
ana_exseg_seq_tiled	7.23338e+07	N := 16777216 (0x1000000)
ana_exseg_seq_sequential	4.21615e+07	N := 33554432 (0x2000000)
ana_exseg_seq_updown	2.3457e+08	N := 33554432 (0x2000000)
ana_exseg_seq_tiled	1.60549e+08	N := 33554432 (0x2000000)
ana_exseg_seq_sequential	8.43614e+07	N := 67108864 (0x4000000)
ana_exseg_seq_updown	4.68475e+08	N := 67108864 (0x4000000)
ana_exseg_seq_tiled	3.3021e+08	N := 67108864 (0x4000000)
ana_exseg_seq_sequential	1.68664e+08	N := 134217728 (0x8000000)
ana_exseg_seq_updown	9.37946e+08	N := 134217728 (0x8000000)
ana_exseg_seq_tiled	6.10982e+08	N := 134217728 (0x8000000)
ana_exseg_seq_sequential	3.37426e+08	N := 268435456 (0x10000000)
ana_exseg_seq_updown	1.88024e+09	N := 268435456 (0x10000000)
ana_exseg_seq_tiled	1.33034e+09	N := 268435456 (0x10000000)
ana_exseg_seq_sequential	6.76282e+08	N := 536870912 (0x20000000)
ana_exseg_seq_updown	3.76253e+09	N := 536870912 (0x20000000)
ana_exseg_seq_tiled	2.71605e+09	N := 536870912 (0x20000000)
ana_exseg_OMP_updown	9.41165e+06	N := 32768 (0x8000)
ana_exseg_OMP_tiled	126459	N := 32768 (0x8000)
ana_exseg_OMP_updown	1.06214e+06	N := 65536 (0x10000)
ana_exseg_OMP_tiled	193405	N := 65536 (0x10000)
ana_exseg_OMP_updown	1.18297e+06	N := 131072 (0x20000)
ana_exseg_OMP_tiled	257252	N := 131072 (0x20000)
ana_exseg_OMP_updown	1.23841e+06	N := 262144 (0x40000)
ana_exseg_OMP_tiled	1.25794e+07	N := 262144 (0x40000)
ana_exseg_OMP_updown	1.34585e+06	N := 524288 (0x80000)
ana_exseg_OMP_tiled	700979	N := 524288 (0x80000)
ana_exseg_OMP_updown	1.77522e+07	N := 1048576 (0x100000)
ana_exseg_OMP_tiled	1.20094e+06	N := 1048576 (0x100000)
ana_exseg_OMP_updown	1.78473e+06	N := 2097152 (0x200000)
ana_exseg_OMP_tiled	3.83474e+07	N := 2097152 (0x200000)
ana_exseg_OMP_updown	2.76487e+07	N := 4194304 (0x400000)
ana_exseg_OMP_tiled	1.08291e+07	N := 4194304 (0x400000)
ana_exseg_OMP_updown	2.85326e+06	N := 8388608 (0x800000)
ana_exseg_OMP_tiled	6.54741e+06	N := 8388608 (0x800000)
ana_exseg_OMP_updown	4.16666e+06	N := 16777216 (0x1000000)
ana_exseg_OMP_tiled	9.97463e+06	N := 16777216 (0x1000000)
ana_exseg_OMP_updown	6.26439e+06	N := 33554432 (0x2000000)
ana_exseg_OMP_tiled	2.22924e+07	N := 33554432 (0x2000000)
ana_exseg_OMP_updown	9.52249e+07	N := 67108864 (0x4000000)
ana_exseg_OMP_tiled	3.46224e+07	N := 67108864 (0x4000000)
ana_exseg_OMP_updown	4.97832e+07	N := 134217728 (0x8000000)
ana_exseg_OMP_tiled	7.09411e+07	N := 134217728 (0x8000000)
ana_exseg_OMP_updown	1.75605e+08	N := 268435456 (0x10000000)
ana_exseg_OMP_tiled	1.29376e+08	N := 268435456 (0x10000000)
ana_exseg_OMP_updown	2.96845e+08	N := 536870912 (0x20000000)
ana_exseg_OMP_tiled	2.33343e+08	N := 536870912 (0x20000000)
ana_inc_TBB_provided	70821.9	N := 32768 (0x8000)
ana_inc_TBB_updown	768903	N := 32768 (0x8000)
ana_inc_TBB_tiled	172078	N := 32768 (0x8000)
ana_inc_TBB_provided	92633.9	N := 65536 (0x10000)
ana_inc_TBB_updown	894474	N := 65536 (0x10000)
ana_inc_TBB_tiled	207728	N := 65536 (0x10000)
ana_inc_TBB_provided	112429	N := 131072 (0x20000)
ana_inc_TBB_updown	1.21209e+06	N := 131072 (0x20000)
ana_inc_TBB_tiled	265596	N := 131072 (0x20000)
ana_inc_TBB_provided	147676	N := 262144 (0x40000)
ana_inc_TBB_updown	1.68227e+06	N := 262144 (0x40000)
ana_inc_TBB_tiled	278279	N := 262144 (0x40000)
ana_inc_TBB_provided	178953	N := 524288 (0x80000)
ana_inc_TBB_updown	2.47852e+06	N := 524288 (0x80000)
ana_inc_TBB_tiled	332203	N := 524288 (0x80000)
ana_inc_TBB_provided	293643	N := 1048576 (0x100000)
ana_inc_TBB_updown	4.0432e+06	N := 1048576 (0x100000)
ana_inc_TBB_tiled	481870	N := 1048576 (0x100000)
ana_inc_TBB_provided	387609	N := 2097152 (0x200000)
ana_inc_TBB_updown	6.69431e+06	N := 2097152 (0x200000)
ana_inc_TBB_tiled	622508	N := 2097152 (0x200000)
ana_inc_TBB_provided	622460	N := 4194304 (0x400000)
ana_inc_TBB_updown	1.20402e+07	N := 4194304 (0x400000)
ana_inc_TBB_tiled	1.01662e+06	N := 4194304 (0x400000)
ana_inc_TBB_provided	1.08843e+06	N := 8388608 (0x800000)
ana_inc_TBB_updown	2.22648e+07	N := 8388608 (0x800000)
ana_inc_TBB_tiled	1.75159e+06	N := 8388608 (0x800000)
ana_inc_TBB_provided	2.22276e+06	N := 16777216 (0x1000000)
ana_inc_TBB_updown	4.25853e+07	N := 16777216 (0x1000000)
ana_inc_TBB_tiled	3.2563e+06	N := 16777216 (0x1000000)
ana_inc_TBB_provided	3.7831e+06	N := 33554432 (0x2000000)
ana_inc_TBB_updown	8.30114e+07	N := 33554432 (0x2000000)
ana_inc_TBB_tiled	6.11349e+06	N := 33554432 (0x2000000)
ana_inc_TBB_provided	7.3986e+06	N := 67108864 (0x4000000)
ana_inc_TBB_updown	1.63081e+08	N := 67108864 (0x4000000)
ana_inc_TBB_tiled	1.14199e+07	N := 67108864 (0x4000000)
ana_inc_TBB_provided	1.36691e+07	N := 134217728 (0x8000000)
ana_inc_TBB_updown	3.18542e+08	N := 134217728 (0x8000000)
ana_inc_TBB_tiled	2.26331e+07	N := 134217728 (0x8000000)
ana_inc_TBB_provided	2.81142e+07	N := 268435456 (0x10000000)
ana_inc_TBB_updown	6.39781e+08	N := 268435456 (0x10000000)
ana_inc_TBB_tiled	4.44521e+07	N := 268435456 (0x10000000)
ana_inc_TBB_provided	5.34632e+07	N := 536870912 (0x20000000)
ana_inc_TBB_updown	1.24698e+09	N := 536870912 (0x20000000)
ana_inc_TBB_tiled	8.68814e+07	N := 536870912 (0x20000000)
ana_ex_TBB_provided	72138.9	N := 32768 (0x8000)
ana_ex_TBB_updown	669266	N := 32768 (0x8000)
ana_ex_TBB_tiled	189275	N := 32768 (0x8000)
ana_ex_TBB_provided	103361	N := 65536 (0x10000)
ana_ex_TBB_updown	890103	N := 65536 (0x10000)
ana_ex_TBB_tiled	241679	N := 65536 (0x10000)
ana_ex_TBB_provided	107095	N := 131072 (0x20000)
ana_ex_TBB_updown	1.17211e+06	N := 131072 (0x20000)
ana_ex_TBB_tiled	265512	N := 131072 (0x20000)
ana_ex_TBB_provided	126176	N := 262144 (0x40000)
ana_ex_TBB_updown	1.6366e+06	N := 262144 (0x40000)
ana_ex_TBB_tiled	286823	N := 262144 (0x40000)
ana_ex_TBB_provided	170096	N := 524288 (0x80000)
ana_ex_TBB_updown	2.45767e+06	N := 524288 (0x80000)
ana_ex_TBB_tiled	319841	N := 524288 (0x80000)
ana_ex_TBB_provided	237827	N := 1048576 (0x100000)
ana_ex_TBB_updown	4.11825e+06	N := 1048576 (0x100000)
ana_ex_TBB_tiled	493300	N := 1048576 (0x100000)
ana_ex_TBB_provided	365522	N := 2097152 (0x200000)
ana_ex_TBB_updown	6.79605e+06	N := 2097152 (0x200000)
ana_ex_TBB_tiled	639247	N := 2097152 (0x200000)
ana_ex_TBB_provided	597250	N := 4194304 (0x400000)
ana_ex_TBB_updown	1.2067e+07	N := 4194304 (0x400000)
ana_ex_TBB_tiled	981724	N := 4194304 (0x400000)
ana_ex_TBB_provided	1.13164e+06	N := 8388608 (0x800000)
ana_ex_TBB_updown	2.24352e+07	N := 8388608 (0x800000)
ana_ex_TBB_tiled	1.71605e+06	N := 8388608 (0x800000)
ana_ex_TBB_provided	2.27598e+06	N := 16777216 (0x1000000)
ana_ex_TBB_updown	4.29625e+07	N := 16777216 (0x1000000)
ana_ex_TBB_tiled	3.06625e+06	N := 16777216 (0x1000000)
ana_ex_TBB_provided	4.04311e+06	N := 33554432 (0x2000000)
ana_ex_TBB_updown	8.34788e+07	N := 33554432 (0x2000000)
ana_ex_TBB_tiled	5.90894e+06	N := 33554432 (0x2000000)
ana_ex_TBB_provided	7.76779e+06	N := 67108864 (0x4000000)
ana_ex_TBB_updown	1.64581e+08	N := 67108864 (0x4000000)
ana_ex_TBB_tiled	1.09924e+07	N := 67108864 (0x4000000)
ana_ex_TBB_provided	1.56607e+07	N := 134217728 (0x8000000)
ana_ex_TBB_updown	3.20901e+08	N := 134217728 (0x8000000)
ana_ex_TBB_tiled	2.14945e+07	N := 134217728 (0x8000000)
ana_ex_TBB_provided	3.00427e+07	N := 268435456 (0x10000000)
ana_ex_TBB_updown	6.44278e+08	N := 268435456 (0x10000000)
ana_ex_TBB_tiled	4.26585e+07	N := 268435456 (0x10000000)
ana_ex_TBB_provided	6.17165e+07	N := 536870912 (0x20000000)
ana_ex_TBB_updown	1.27502e+09	N := 536870912 (0x20000000)
ana_ex_TBB_tiled	8.34383e+07	N := 536870912 (0x20000000)
ana_incseg_TBB_provided	69356	N := 32768 (0x8000)
ana_incseg_TBB_updown	741339	N := 32768 (0x8000)
ana_incseg_TBB_tiled	150312	N := 32768 (0x8000)
ana_incseg_TBB_provided	87367	N := 65536 (0x10000)
ana_incseg_TBB_updown	1.08845e+06	N := 65536 (0x10000)
ana_incseg_TBB_tiled	174607	N := 65536 (0x10000)
ana_incseg_TBB_provided	121262	N := 131072 (0x20000)
ana_incseg_TBB_updown	1.41141e+06	N := 131072 (0x20000)
ana_incseg_TBB_tiled	261449	N := 131072 (0x20000)
ana_incseg_TBB_provided	174565	N := 262144 (0x40000)
ana_incseg_TBB_updown	2.04142e+06	N := 262144 (0x40000)
ana_incseg_TBB_tiled	316770	N := 262144 (0x40000)
ana_incseg_TBB_provided	227494	N := 524288 (0x80000)
ana_incseg_TBB_updown	3.03429e+06	N := 524288 (0x80000)
ana_incseg_TBB_tiled	514838	N := 524288 (0x80000)
ana_incseg_TBB_provided	273290	N := 1048576 (0x100000)
ana_incseg_TBB_updown	4.84774e+06	N := 1048576 (0x100000)
ana_incseg_TBB_tiled	610450	N := 1048576 (0x100000)
ana_incseg_TBB_provided	456048	N := 2097152 (0x200000)
ana_incseg_TBB_updown	7.74018e+06	N := 2097152 (0x200000)
ana_incseg_TBB_tiled	1.13199e+06	N := 2097152 (0x200000)
ana_incseg_TBB_provided	874233	N := 4194304 (0x400000)
ana_incseg_TBB_updown	1.30849e+07	N := 4194304 (0x400000)
ana_incseg_TBB_tiled	1.64358e+06	N := 4194304 (0x400000)
ana_incseg_TBB_provided	1.85812e+06	N := 8388608 (0x800000)
ana_incseg_TBB_updown	2.42765e+07	N := 8388608 (0x800000)
ana_incseg_TBB_tiled	3.12457e+06	N := 8388608 (0x800000)
ana_incseg_TBB_provided	2.67788e+06	N := 16777216 (0x1000000)
ana_incseg_TBB_updown	5.00461e+07	N := 16777216 (0x1000000)
ana_incseg_TBB_tiled	5.54304e+06	N := 16777216 (0x1000000)
ana_incseg_TBB_provided	4.60156e+06	N := 33554432 (0x2000000)
ana_incseg_TBB_updown	9.60918e+07	N := 33554432 (0x2000000)
ana_incseg_TBB_tiled	1.03344e+07	N := 33554432 (0x2000000)
ana_incseg_TBB_provided	8.68237e+06	N := 67108864 (0x4000000)
ana_incseg_TBB_updown	1.89842e+08	N := 67108864 (0x4000000)
ana_incseg_TBB_tiled	2.2908e+07	N := 67108864 (0x4000000)
ana_incseg_TBB_provided	1.70185e+07	N := 134217728 (0x8000000)
ana_incseg_TBB_updown	3.96749e+08	N := 134217728 (0x8000000)
ana_incseg_TBB_tiled	4.91156e+07	N := 134217728 (0x8000000)
ana_incseg_TBB_provided	3.96102e+07	N := 268435456 (0x10000000)
ana_incseg_TBB_updown	8.36418e+08	N := 268435456 (0x10000000)
ana_incseg_TBB_tiled	9.61301e+07	N := 268435456 (0x10000000)
ana_incseg_TBB_provided	8.29871e+07	N := 536870912 (0x20000000)
ana_incseg_TBB_updown	1.64134e+09	N := 536870912 (0x20000000)
ana_incseg_TBB_tiled	1.31493e+08	N := 536870912 (0x20000000)
ana_exseg_TBB_provided	124124	N := 32768 (0x8000)
ana_exseg_TBB_updown	627304	N := 32768 (0x8000)
ana_exseg_TBB_tiled	162209	N := 32768 (0x8000)
ana_exseg_TBB_provided	101851	N := 65536 (0x10000)
ana_exseg_TBB_updown	707445	N := 65536 (0x10000)
ana_exseg_TBB_tiled	195725	N := 65536 (0x10000)
ana_exseg_TBB_provided	98253.9	N := 131072 (0x20000)
ana_exseg_TBB_updown	889802	N := 131072 (0x20000)
ana_exseg_TBB_tiled	257518	N := 131072 (0x20000)
ana_exseg_TBB_provided	138478	N := 262144 (0x40000)
ana_exseg_TBB_updown	994287	N := 262144 (0x40000)
ana_exseg_TBB_tiled	279454	N := 262144 (0x40000)
ana_exseg_TBB_provided	158960	N := 524288 (0x80000)
ana_exseg_TBB_updown	1.24625e+06	N := 524288 (0x80000)
ana_exseg_TBB_tiled	470662	N := 524288 (0x80000)
ana_exseg_TBB_provided	308180	N := 1048576 (0x100000)
ana_exseg_TBB_updown	1.95467e+06	N := 1048576 (0x100000)
ana_exseg_TBB_tiled	728868	N := 1048576 (0x100000)
ana_exseg_TBB_provided	365895	N := 2097152 (0x200000)
ana_exseg_TBB_updown	2.88837e+06	N := 2097152 (0x200000)
ana_exseg_TBB_tiled	1.23699e+06	N := 2097152 (0x200000)
ana_exseg_TBB_provided	587001	N := 4194304 (0x400000)
ana_exseg_TBB_updown	4.2591e+06	N := 4194304 (0x400000)
ana_exseg_TBB_tiled	1.76785e+06	N := 4194304 (0x400000)
ana_exseg_TBB_provided	889542	N := 8388608 (0x800000)
ana_exseg_TBB_updown	5.71959e+06	N := 8388608 (0x800000)
ana_exseg_TBB_tiled	3.00634e+06	N := 8388608 (0x800000)
ana_exseg_TBB_provided	2.37482e+06	N := 16777216 (0x1000000)
ana_exseg_TBB_updown	1.38242e+07	N := 16777216 (0x1000000)
ana_exseg_TBB_tiled	6.91866e+06	N := 16777216 (0x1000000)
ana_exseg_TBB_provided	4.27636e+06	N := 33554432 (0x2000000)
ana_exseg_TBB_updown	2.7479e+07	N := 33554432 (0x2000000)
ana_exseg_TBB_tiled	2.31295e+07	N := 33554432 (0x2000000)
ana_exseg_TBB_provided	8.21908e+06	N := 67108864 (0x4000000)
ana_exseg_TBB_updown	5.92813e+07	N := 67108864 (0x4000000)
ana_exseg_TBB_tiled	2.12496e+07	N := 67108864 (0x4000000)
ana_exseg_TBB_provided	1.68359e+07	N := 134217728 (0x8000000)
ana_exseg_TBB_updown	1.20631e+08	N := 134217728 (0x8000000)
ana_exseg_TBB_tiled	4.70545e+07	N := 134217728 (0x8000000)
ana_exseg_TBB_provided	4.11995e+07	N := 268435456 (0x10000000)
ana_exseg_TBB_updown	2.87573e+08	N := 268435456 (0x10000000)
ana_exseg_TBB_tiled	8.81078e+07	N := 268435456 (0x10000000)
ana_exseg_TBB_provided	8.63659e+07	N := 536870912 (0x20000000)
ana_exseg_TBB_updown	6.06264e+08	N := 536870912 (0x20000000)
ana_exseg_TBB_tiled	1.64656e+08	N := 536870912 (0x20000000)
